{
  "lr": 0.0003,
  "batch_size": 16,
  "epochs": 5,
  "label_smoothing": 0.1,
  "warmup_ratio": 0.05,
  "dropout": 0.1,
  "weight_decay": 0.01,
  "gradient_clip": 1.0,
  "max_length": 128,
  "val_loss": 2.786931276321411,
  "val_ppl": 16.23113441467285,
  "total_steps": 55,
  "warmup_steps": 2,
  "timestamp": "2025-10-06T18:40:22.010981"
}