{
  "lr": 0.0002,
  "batch_size": 8,
  "epochs": 8,
  "label_smoothing": 0.15,
  "warmup_ratio": 0.1,
  "dropout": 0.1,
  "weight_decay": 0.01,
  "gradient_clip": 1.0,
  "max_length": 128,
  "val_loss": 2.2362756729125977,
  "val_ppl": 9.358412742614746,
  "total_steps": 176,
  "warmup_steps": 17,
  "timestamp": "2025-10-14T15:47:39.817647"
}