{
  "baseline": {
    "perplexity": 139.68896484375,
    "loss": 4.939418315887451
  },
  "best_model": {
    "run_id": 11,
    "perplexity": 11.16407585144043,
    "loss": 2.41270112991333,
    "improvement_pct": 92.00790422927962,
    "hyperparameters": {
      "lr": 0.0005,
      "batch_size": 16,
      "epochs": 5,
      "label_smoothing": 0.1,
      "warmup_ratio": 0.05
    },
    "notes": "Higher learning rate"
  },
  "summary": {
    "total_runs": 12,
    "best_improvement": 92.00790422927962,
    "mean_improvement": 87.25656592576136,
    "worst_improvement": 82.92053792081319,
    "target_met": true
  },
  "evaluation_metrics": {
    "bleu": 24.520590090403985,
    "rouge1": 0.25803112155944635,
    "rouge2": 0.06261227125835057,
    "rougeL": 0.2006960905672102,
    "test_perplexity": 16.9964656829834,
    "test_samples": 99
  }
}