{
  "bleu": 24.520590090403985,
  "rouge1": 0.25803112155944635,
  "rouge2": 0.06261227125835057,
  "rougeL": 0.2006960905672102,
  "perplexity": 16.9964656829834,
  "num_samples": 99
}